<?xml version="1.0" encoding="UTF-8"?>
<beans xmlns="http://www.springframework.org/schema/beans"
	xmlns:xsi="http://www.w3.org/2001/XMLSchema-instance"
	xmlns:integration="http://www.springframework.org/schema/integration"
	xmlns:file="http://www.springframework.org/schema/integration/file"
	xsi:schemaLocation="http://www.springframework.org/schema/beans
			http://www.springframework.org/schema/beans/spring-beans-2.5.xsd
			http://www.springframework.org/schema/integration
			http://www.springframework.org/schema/integration/spring-integration-1.0.xsd
			http://www.springframework.org/schema/integration/file
			http://www.springframework.org/schema/integration/file/spring-integration-file-1.0.xsd">

	<bean class="org.springframework.beans.factory.config.PropertyPlaceholderConfigurer"/>

	<file:inbound-channel-adapter id="filesIn"
	                              directory="file:${java.io.tmpdir}/spring-integration-samples/input">
		<integration:poller>
			<integration:interval-trigger interval="5000"/>
		</integration:poller>
	</file:inbound-channel-adapter>

	<integration:service-activator input-channel="filesIn"
	                               output-channel="filesOut"
                                   ref="handler"/>

	<file:outbound-channel-adapter id="filesOut"
								   directory="${java.io.tmpdir}/spring-integration-samples/output"
								   delete-source-files="true"/>

	<bean id="handler" class="org.springframework.integration.samples.filecopy.Handler"/>

</beans>
