<?xml version="1.0" encoding="UTF-8"?>
<beans xmlns="http://www.springframework.org/schema/beans"
	xmlns:xsi="http://www.w3.org/2001/XMLSchema-instance"
	xmlns:integration="http://www.springframework.org/schema/integration"
	xmlns:file="http://www.springframework.org/schema/integration/file"
	xsi:schemaLocation="http://www.springframework.org/schema/beans
			http://www.springframework.org/schema/beans/spring-beans-2.5.xsd
			http://www.springframework.org/schema/integration
			http://www.springframework.org/schema/integration/spring-integration-1.0.xsd
			http://www.springframework.org/schema/integration/file
			http://www.springframework.org/schema/integration/file/spring-integration-file-1.0.xsd">

	<bean class="org.springframework.beans.factory.config.PropertyPlaceholderConfigurer"/>

	<file:inbound-channel-adapter id="filesIn"
	                              directory="file:${java.io.tmpdir}/spring-integration-samples/input"/>

	<file:file-to-bytes-transformer input-channel="filesIn" output-channel="bytes" delete-files="true"/> 

	<integration:channel id="bytes"/>

	<integration:service-activator input-channel="bytes"
	                               output-channel="filesOut"
                                   ref="handler"/>

	<file:outbound-channel-adapter id="filesOut" directory="${java.io.tmpdir}/spring-integration-samples/output"/>

	<bean id="handler" class="org.springframework.integration.samples.filecopy.Handler"/>

	<integration:poller id="poller" default="true">
		<integration:interval-trigger interval="5000"/>
	</integration:poller>

</beans>
