<?xml version="1.0" encoding="UTF-8"?>
<beans:beans xmlns="http://www.springframework.org/schema/integration"
	xmlns:xsi="http://www.w3.org/2001/XMLSchema-instance"
	xmlns:beans="http://www.springframework.org/schema/beans"
	xmlns:context="http://www.springframework.org/schema/context"
	xmlns:stream="http://www.springframework.org/schema/integration/stream"
	xsi:schemaLocation="http://www.springframework.org/schema/beans
			http://www.springframework.org/schema/beans/spring-beans-2.5.xsd
			http://www.springframework.org/schema/context
			http://www.springframework.org/schema/context/spring-context-2.5.xsd
			http://www.springframework.org/schema/integration
			http://www.springframework.org/schema/integration/spring-integration-1.0.xsd
			http://www.springframework.org/schema/integration/stream
			http://www.springframework.org/schema/integration/stream/spring-integration-stream-1.0.xsd">

	<annotation-config/>

	<context:component-scan base-package="org.springframework.integration.samples.cafe.annotation"/>

	<gateway id="cafe" service-interface="org.springframework.integration.samples.cafe.Cafe"/>

	<channel id="orders"/>
	<channel id="drinks"/>
	<channel id="coldDrinks"><queue capacity="10"/></channel>
	<channel id="hotDrinks"><queue capacity="10"/></channel>
	<channel id="coldDrinkBarista"/>
	<channel id="hotDrinkBarista"/>
    <channel id="preparedDrinks"/>

	<bridge input-channel="coldDrinks" output-channel="coldDrinkBarista">
		<poller>
			<interval-trigger interval="1000"/>
		</poller>
	</bridge>

	<bridge input-channel="hotDrinks" output-channel="hotDrinkBarista">
		<poller>
			<interval-trigger interval="1000"/>
		</poller>
	</bridge>

	<stream:stdout-channel-adapter id="deliveries"/>
	
</beans:beans>
