<?xml version="1.0" encoding="UTF-8"?>
<beans xmlns="http://www.springframework.org/schema/beans"
	xmlns:xsi="http://www.w3.org/2001/XMLSchema-instance"
	xmlns:integration="http://www.springframework.org/schema/integration"
	xsi:schemaLocation="http://www.springframework.org/schema/beans
			http://www.springframework.org/schema/beans/spring-beans-2.5.xsd
			http://www.springframework.org/schema/integration
			http://www.springframework.org/schema/integration/spring-integration-1.0.xsd">

	<bean id="connectionFactory" class="org.springframework.jms.connection.CachingConnectionFactory">
		<property name="targetConnectionFactory">
			<bean class="org.apache.activemq.ActiveMQConnectionFactory">
				<property name="brokerURL" value="vm://localhost"/>		
			</bean>
		</property>
		<property name="sessionCacheSize" value="10"/>
		<property name="cacheProducers" value="false"/>
	</bean>

	<bean id="requestQueue" class="org.apache.activemq.command.ActiveMQQueue">
		<constructor-arg value="queue.demo"/>
	</bean>

	<bean id="replyQueue" class="org.apache.activemq.command.ActiveMQQueue">
		<constructor-arg value="queue.reply"/>
	</bean>

	<integration:poller id="poller" default="true">
		<integration:interval-trigger interval="1000"/>
	</integration:poller>

</beans>
