<?xml version="1.0" encoding="UTF-8"?>
<beans:beans xmlns="http://www.springframework.org/schema/integration"
	xmlns:xsi="http://www.w3.org/2001/XMLSchema-instance"
	xmlns:beans="http://www.springframework.org/schema/beans"
	xsi:schemaLocation="http://www.springframework.org/schema/beans
			http://www.springframework.org/schema/beans/spring-beans-2.5.xsd
			http://www.springframework.org/schema/integration
			http://www.springframework.org/schema/integration/spring-integration-1.0.xsd">

	<annotation-config/>

	<channel id="even"/>
	<channel id="odd"/>

	<inbound-channel-adapter id="numbers" ref="counter" method="next">
		<poller max-messages-per-poll="1">
			<interval-trigger interval="3" time-unit="SECONDS"/>
		</poller>
	</inbound-channel-adapter>

	<filter input-channel="numbers" output-channel="positives"
			ref="positiveChecker" method="isPositive"
			discard-channel="nullChannel"/>

	<router ref="parityResolver" method="getParity" input-channel="positives"/>

	<service-activator ref="oddLogger" input-channel="odd"/>

	<service-activator ref="evenLogger" input-channel="even"/>

	<beans:bean id="counter" class="org.springframework.integration.samples.oddeven.Counter"/>

	<beans:bean id="positiveChecker" class="org.springframework.integration.samples.oddeven.PositiveChecker"/>

	<beans:bean id="parityResolver" class="org.springframework.integration.samples.oddeven.ParityResolver"/>

	<beans:bean id="oddLogger" class="org.springframework.integration.samples.oddeven.OddLogger"/>

	<beans:bean id="evenLogger" class="org.springframework.integration.samples.oddeven.EvenLogger"/>

</beans:beans>
