<?xml version="1.0" encoding="UTF-8"?>
<beans:beans xmlns="http://www.springframework.org/schema/integration"
	xmlns:xsi="http://www.w3.org/2001/XMLSchema-instance"
	xmlns:beans="http://www.springframework.org/schema/beans"
	xmlns:stream="http://www.springframework.org/schema/integration/stream"
	xsi:schemaLocation="http://www.springframework.org/schema/beans
			http://www.springframework.org/schema/beans/spring-beans-2.5.xsd
			http://www.springframework.org/schema/integration
			http://www.springframework.org/schema/integration/spring-integration-1.0.xsd
			http://www.springframework.org/schema/integration/stream
			http://www.springframework.org/schema/integration/stream/spring-integration-stream-1.0.xsd">

	<gateway id="cafe" service-interface="org.springframework.integration.samples.cafe.Cafe"/>

	<channel id="orders"/>
	<splitter input-channel="orders" method="split" output-channel="drinks">
		<beans:bean class="org.springframework.integration.samples.cafe.xml.OrderSplitter"/>
	</splitter>

	<channel id="drinks"/>
	<router input-channel="drinks"  method="resolveOrderItemChannel">
		<beans:bean class="org.springframework.integration.samples.cafe.xml.DrinkRouter"/>
	</router>

	<channel id="coldDrinks">
		<queue capacity="10"/>
	</channel>
	<service-activator input-channel="coldDrinks" ref="barista" method="prepareColdDrink" output-channel="preparedDrinks"/>

	<channel id="hotDrinks">
		<queue capacity="10"/>
	</channel>
	<service-activator input-channel="hotDrinks" ref="barista" method="prepareHotDrink" output-channel="preparedDrinks"/>

    <channel id="preparedDrinks"/>
    <aggregator input-channel="preparedDrinks"  method="prepareDelivery" output-channel="deliveries">
    	<beans:bean class="org.springframework.integration.samples.cafe.xml.Waiter"/>
    </aggregator>

	<stream:stdout-channel-adapter id="deliveries"/>

	<beans:bean id="barista" class="org.springframework.integration.samples.cafe.xml.Barista"/>

	<poller id="poller" default="true">
		<interval-trigger interval="1000"/>
	</poller>

</beans:beans>
